{"stats":{"minecraft:dropped":{"minecraft:cobblestone":3,"minecraft:grass_block":5,"minecraft:brown_wool":1,"minecraft:cow_spawn_egg":4,"minecraft:beef":2,"minecraft:birch_log":1},"minecraft:custom":{"minecraft:interact_with_anvil":5,"minecraft:mob_kills":28,"tombstone:raider_killed":1,"minecraft:interact_with_crafting_table":11,"minecraft:leave_game":6,"minecraft:time_since_death":84106,"minecraft:sleep_in_bed":2,"minecraft:time_since_rest":2817,"minecraft:sprint_one_cm":116774,"minecraft:damage_absorbed":20,"minecraft:damage_taken":722,"minecraft:walk_one_cm":42041,"minecraft:drop":16,"minecraft:damage_dealt":5221,"minecraft:swim_one_cm":20952,"minecraft:fly_one_cm":617162,"minecraft:open_chest":3,"minecraft:crouch_one_cm":707,"minecraft:play_time":84106,"tombstone:undead_killed":4,"minecraft:sneak_time":437,"minecraft:walk_under_water_one_cm":10050,"minecraft:jump":1431,"minecraft:walk_on_water_one_cm":9389,"minecraft:total_world_time":84106,"minecraft:fall_one_cm":41934},"minecraft:used":{"minecraft:water_bucket":7,"minecraft:birch_planks":48,"iceandfire:armor_blue_helmet":1,"minecraft:oak_planks":121,"iceandfire:dragonbone_sword_ice":60,"artifacts:eternal_steak":3,"minecraft:diamond_axe":115,"minecraft:golden_apple":1,"minecraft:dirt":23,"minecraft:anvil":1,"minecraft:crafting_table":1,"iceandfire:armor_blue_leggings":1,"minecraft:diamond_pickaxe":46,"minecraft:grass_block":2,"iceandfire:armor_blue_chestplate":1,"iceandfire:armor_blue_boots":1,"minecraft:bow":35,"minecraft:cooked_porkchop":3,"minecraft:birch_log":3,"minecraft:bucket":8,"comforts:sleeping_bag_white":1},"minecraft:mined":{"minecraft:tall_grass":4,"minecraft:birch_log":58,"minecraft:fire":1,"minecraft:grass":12,"minecraft:coal_ore":4,"minecraft:oak_log":45,"iceandfire:gold_pile":38,"minecraft:stone":4,"minecraft:oak_leaves":1,"minecraft:fern":1},"minecraft:crafted":{"minecraft:diamond_axe":1,"iceandfire:armor_blue_helmet":1,"iceandfire:armor_blue_chestplate":1,"comforts:sleeping_bag_white":1,"iceandfire:armor_red_chestplate":1,"minecraft:bucket":1,"minecraft:birch_planks":120,"iceandfire:armor_red_helmet":1,"iceandfire:armor_blue_leggings":1,"minecraft:stick":4,"iceandfire:armor_red_leggings":1,"iceandfire:armor_blue_boots":1,"iceandfire:armor_red_boots":1},"minecraft:picked_up":{"minecraft:birch_log":59,"minecraft:feather":2,"iceandfire:sea_serpent_fang":6,"minecraft:brown_wool":1,"minecraft:oak_log":38,"minecraft:string":1,"iceandfire:sea_serpent_scales_bronze":8,"minecraft:gold_nugget":360,"comforts:sleeping_bag_white":1,"minecraft:beef":4,"minecraft:birch_sapling":13,"iceandfire:fire_dragon_flesh":2,"iceandfire:dragonscales_red":10,"minecraft:stick":18,"iceandfire:dragonbone":8,"iceandfire:ash":1,"iceandfire:dragon_skull_fire":1,"minecraft:porkchop":15,"minecraft:grass_block":5,"minecraft:arrow":5,"minecraft:rotten_flesh":1,"minecraft:cow_spawn_egg":3,"iceandfire:fire_dragon_heart":1,"minecraft:gray_wool":2,"tombstone:essence_of_undeath":1,"minecraft:oak_sapling":17,"minecraft:mutton":14,"minecraft:coal":3,"minecraft:white_wool":7,"minecraft:cobblestone":3},"minecraft:killed":{"minecraft:pig":6,"minecraft:witch":1,"minecraft:spider":1,"alexsmobs:seagull":1,"minecraft:creeper":1,"minecraft:sheep":10,"minecraft:skeleton":3,"minecraft:zombie":1,"iceandfire:fire_dragon":1,"iceandfire:sea_serpent":1,"minecraft:cow":2}},"DataVersion":3465}