{"stats":{"minecraft:dropped":{"minecraft:cobblestone":3,"iceandfire:ice_dragon_flesh":4,"minecraft:grass_block":5,"minecraft:brown_wool":1,"minecraft:cow_spawn_egg":4,"tombstone:essence_of_undeath":1,"minecraft:beef":2,"minecraft:birch_log":1},"minecraft:custom":{"minecraft:interact_with_furnace":3,"minecraft:interact_with_anvil":6,"minecraft:mob_kills":100,"tombstone:raider_killed":35,"minecraft:interact_with_crafting_table":11,"minecraft:open_barrel":74,"minecraft:leave_game":8,"minecraft:time_since_death":152642,"minecraft:sleep_in_bed":7,"minecraft:climb_one_cm":4156,"minecraft:time_since_rest":1803,"minecraft:sprint_one_cm":275511,"minecraft:damage_absorbed":420,"minecraft:damage_taken":5104,"minecraft:walk_one_cm":152025,"minecraft:trigger_trapped_chest":1,"minecraft:drop":21,"minecraft:damage_dealt":20179,"minecraft:swim_one_cm":98077,"minecraft:fly_one_cm":775550,"minecraft:open_chest":36,"minecraft:crouch_one_cm":1709,"minecraft:play_time":152642,"tombstone:undead_killed":30,"minecraft:sneak_time":2314,"minecraft:interact_with_blast_furnace":9,"minecraft:walk_under_water_one_cm":35580,"minecraft:jump":2316,"minecraft:walk_on_water_one_cm":25293,"minecraft:total_world_time":152642,"minecraft:inspect_dispenser":2,"minecraft:fall_one_cm":73451},"minecraft:used":{"iceandfire:armor_red_helmet":3,"minecraft:water_bucket":18,"minecraft:birch_planks":90,"iceandfire:armor_blue_helmet":4,"minecraft:oak_planks":121,"iceandfire:dragonbone_sword_ice":284,"minecraft:decorated_pot":2,"minecraft:birch_boat":4,"artifacts:eternal_steak":3,"iceandfire:armor_red_chestplate":1,"minecraft:diamond_axe":119,"minecraft:torch":54,"minecraft:golden_apple":11,"minecraft:dirt":23,"minecraft:anvil":1,"minecraft:crafting_table":1,"minecraft:carrot":3,"iceandfire:armor_red_boots":2,"iceandfire:armor_blue_leggings":2,"minecraft:diamond_pickaxe":83,"iceandfire:dragonbone_sword_fire":17,"minecraft:grass_block":2,"iceandfire:armor_blue_chestplate":1,"tombstone:gift":2,"iceandfire:armor_blue_boots":3,"iceandfire:armor_red_leggings":1,"minecraft:bow":81,"minecraft:bucket":19,"minecraft:cooked_porkchop":12,"comforts:sleeping_bag_white":5,"minecraft:birch_log":3},"minecraft:crafted":{"minecraft:coal":18,"minecraft:diamond_axe":1,"iceandfire:armor_blue_helmet":1,"iceandfire:armor_blue_chestplate":1,"comforts:sleeping_bag_white":1,"minecraft:birch_boat":4,"iceandfire:armor_red_chestplate":1,"minecraft:bucket":1,"minecraft:birch_planks":120,"iceandfire:armor_red_helmet":1,"iceandfire:armor_blue_leggings":1,"minecraft:stick":4,"iceandfire:armor_red_leggings":1,"iceandfire:armor_red_boots":1,"iceandfire:armor_blue_boots":1,"minecraft:torch":12},"minecraft:mined":{"minecraft:spruce_planks":2,"minecraft:jungle_slab":2,"minecraft:sea_lantern":1,"minecraft:torch":1,"minecraft:decorated_pot":2,"minecraft:coal_block":12,"minecraft:tall_grass":4,"minecraft:wall_torch":2,"minecraft:spawner":6,"minecraft:fire":1,"minecraft:birch_log":58,"minecraft:gray_carpet":1,"minecraft:grass":13,"minecraft:oak_log":45,"minecraft:coal_ore":4,"iceandfire:gold_pile":38,"minecraft:quartz_slab":12,"minecraft:crimson_planks":2,"minecraft:cobweb":1,"minecraft:stone":8,"minecraft:tripwire_hook":1,"minecraft:oak_leaves":1,"minecraft:fern":1},"minecraft:picked_up":{"minecraft:birch_log":59,"minecraft:feather":2,"iceandfire:sea_serpent_fang":25,"minecraft:prismarine_shard":3,"minecraft:tripwire_hook":7,"minecraft:brown_wool":1,"minecraft:oak_log":38,"minecraft:crimson_planks":1,"minecraft:string":2,"minecraft:bone":12,"minecraft:quartz_slab":24,"minecraft:purple_banner":2,"minecraft:cyan_carpet":5,"minecraft:gray_carpet":1,"iceandfire:sea_serpent_scales_bronze":18,"minecraft:gold_nugget":360,"comforts:sleeping_bag_white":5,"minecraft:spruce_planks":1,"minecraft:beef":4,"minecraft:coal_block":12,"minecraft:birch_sapling":13,"iceandfire:fire_dragon_flesh":2,"iceandfire:dragonscales_red":10,"iceandfire:ice_dragon_heart":1,"minecraft:stick":18,"iceandfire:dragonbone":16,"iceandfire:dragonscales_white":23,"minecraft:torch":8,"iceandfire:ash":1,"sophisticatedbackpacks:backpack":1,"iceandfire:dragon_skull_fire":1,"iceandfire:shiny_scales":4,"minecraft:porkchop":15,"minecraft:spruce_sapling":1,"tombstone:grave_dust":2,"minecraft:spruce_log":1,"minecraft:grass_block":5,"minecraft:jungle_slab":2,"minecraft:spruce_sign":1,"minecraft:prismarine_crystals":5,"minecraft:painting":1,"iceandfire:dragon_skull_ice":1,"minecraft:arrow":17,"minecraft:rotten_flesh":14,"minecraft:tropical_fish":1,"minecraft:decorated_pot":2,"iceandfire:ice_dragon_flesh":4,"minecraft:cow_spawn_egg":3,"iceandfire:fire_dragon_heart":1,"iceandfire:sea_serpent_scales_red":2,"minecraft:gray_wool":2,"minecraft:totem_of_undying":1,"tombstone:essence_of_undeath":2,"minecraft:emerald":5,"iceandfire:silver_nugget":2,"minecraft:oak_sapling":17,"minecraft:mutton":15,"minecraft:coal":3,"minecraft:white_wool":8,"minecraft:cobblestone":4},"minecraft:killed":{"minecraft:evoker":1,"minecraft:vex":6,"minecraft:husk":16,"minecraft:pig":6,"minecraft:witch":1,"minecraft:spider":1,"minecraft:vindicator":13,"alexsmobs:seagull":1,"minecraft:creeper":1,"minecraft:sheep":11,"minecraft:skeleton":12,"minecraft:pillager":20,"iceandfire:fire_dragon":1,"minecraft:zombie":2,"iceandfire:siren":1,"iceandfire:ice_dragon":1,"iceandfire:sea_serpent":2,"minecraft:cow":2}},"DataVersion":3465}