{"stats":{"minecraft:killed":{"minecraft:vex":1,"minecraft:pig":6,"minecraft:witch":1,"minecraft:spider":1,"minecraft:vindicator":13,"alexsmobs:seagull":1,"minecraft:creeper":1,"minecraft:sheep":10,"minecraft:skeleton":3,"minecraft:pillager":14,"iceandfire:fire_dragon":1,"minecraft:zombie":1,"iceandfire:siren":1,"iceandfire:sea_serpent":2,"minecraft:cow":2},"minecraft:mined":{"minecraft:spruce_planks":2,"minecraft:jungle_slab":1,"minecraft:sea_lantern":1,"minecraft:torch":1,"minecraft:coal_block":6,"minecraft:tall_grass":4,"minecraft:spawner":2,"minecraft:birch_log":58,"minecraft:fire":1,"minecraft:grass":12,"minecraft:oak_log":45,"minecraft:coal_ore":4,"iceandfire:gold_pile":38,"minecraft:quartz_slab":6,"minecraft:crimson_planks":2,"minecraft:cobweb":1,"minecraft:tripwire_hook":1,"minecraft:stone":8,"minecraft:oak_leaves":1,"minecraft:fern":1},"minecraft:custom":{"minecraft:interact_with_anvil":5,"minecraft:mob_kills":60,"tombstone:raider_killed":28,"minecraft:interact_with_crafting_table":11,"minecraft:open_barrel":25,"minecraft:leave_game":7,"minecraft:time_since_death":115620,"minecraft:sleep_in_bed":4,"minecraft:climb_one_cm":694,"minecraft:time_since_rest":11414,"minecraft:sprint_one_cm":157690,"minecraft:damage_absorbed":220,"minecraft:damage_taken":2941,"minecraft:walk_one_cm":79395,"minecraft:trigger_trapped_chest":1,"minecraft:drop":17,"minecraft:damage_dealt":10768,"minecraft:swim_one_cm":82296,"minecraft:fly_one_cm":670349,"minecraft:open_chest":12,"minecraft:crouch_one_cm":1569,"minecraft:play_time":115620,"tombstone:undead_killed":4,"minecraft:sneak_time":2033,"minecraft:walk_under_water_one_cm":34383,"minecraft:jump":1813,"minecraft:walk_on_water_one_cm":21379,"minecraft:total_world_time":115620,"minecraft:inspect_dispenser":2,"minecraft:fall_one_cm":54188},"minecraft:crafted":{"minecraft:coal":18,"minecraft:diamond_axe":1,"iceandfire:armor_blue_helmet":1,"iceandfire:armor_blue_chestplate":1,"comforts:sleeping_bag_white":1,"minecraft:birch_boat":4,"iceandfire:armor_red_chestplate":1,"minecraft:bucket":1,"minecraft:birch_planks":120,"iceandfire:armor_red_helmet":1,"iceandfire:armor_blue_leggings":1,"minecraft:stick":4,"iceandfire:armor_red_leggings":1,"iceandfire:armor_red_boots":1,"iceandfire:armor_blue_boots":1,"minecraft:torch":12},"minecraft:used":{"minecraft:water_bucket":13,"minecraft:birch_planks":74,"iceandfire:armor_blue_helmet":1,"minecraft:oak_planks":121,"iceandfire:dragonbone_sword_ice":147,"minecraft:birch_boat":4,"artifacts:eternal_steak":3,"minecraft:diamond_axe":119,"minecraft:torch":6,"minecraft:golden_apple":6,"minecraft:dirt":23,"minecraft:anvil":1,"minecraft:crafting_table":1,"iceandfire:armor_blue_leggings":1,"minecraft:diamond_pickaxe":66,"minecraft:grass_block":2,"iceandfire:armor_blue_chestplate":1,"iceandfire:armor_blue_boots":1,"minecraft:bow":74,"minecraft:cooked_porkchop":8,"minecraft:bucket":14,"minecraft:birch_log":3,"comforts:sleeping_bag_white":3},"minecraft:dropped":{"minecraft:cobblestone":3,"minecraft:grass_block":5,"minecraft:brown_wool":1,"minecraft:cow_spawn_egg":4,"tombstone:essence_of_undeath":1,"minecraft:beef":2,"minecraft:birch_log":1},"minecraft:picked_up":{"minecraft:birch_log":59,"minecraft:feather":2,"iceandfire:sea_serpent_fang":25,"minecraft:prismarine_shard":3,"minecraft:tripwire_hook":3,"minecraft:brown_wool":1,"minecraft:oak_log":38,"minecraft:crimson_planks":1,"minecraft:string":2,"minecraft:quartz_slab":12,"iceandfire:sea_serpent_scales_bronze":18,"minecraft:gold_nugget":360,"comforts:sleeping_bag_white":3,"minecraft:spruce_planks":1,"minecraft:beef":4,"minecraft:coal_block":6,"minecraft:birch_sapling":13,"iceandfire:fire_dragon_flesh":2,"iceandfire:dragonscales_red":10,"minecraft:stick":18,"iceandfire:dragonbone":8,"minecraft:torch":1,"iceandfire:ash":1,"iceandfire:shiny_scales":4,"sophisticatedbackpacks:backpack":1,"iceandfire:dragon_skull_fire":1,"minecraft:porkchop":15,"minecraft:grass_block":5,"minecraft:jungle_slab":1,"minecraft:prismarine_crystals":5,"minecraft:arrow":5,"minecraft:rotten_flesh":1,"minecraft:tropical_fish":1,"minecraft:cow_spawn_egg":3,"iceandfire:fire_dragon_heart":1,"iceandfire:sea_serpent_scales_red":2,"minecraft:gray_wool":2,"minecraft:emerald":5,"tombstone:essence_of_undeath":2,"minecraft:oak_sapling":17,"minecraft:mutton":14,"minecraft:coal":3,"minecraft:white_wool":7,"minecraft:cobblestone":4}},"DataVersion":3465}