{"stats":{"minecraft:dropped":{"minecraft:cow_spawn_egg":4,"minecraft:beef":2,"minecraft:birch_log":1,"minecraft:grass_block":5},"minecraft:custom":{"minecraft:time_since_rest":48106,"minecraft:sprint_one_cm":19031,"minecraft:play_time":48106,"minecraft:damage_taken":50,"minecraft:walk_one_cm":19818,"minecraft:sneak_time":78,"minecraft:interact_with_anvil":4,"minecraft:mob_kills":6,"minecraft:drop":12,"minecraft:jump":167,"minecraft:damage_dealt":1174,"minecraft:leave_game":6,"minecraft:time_since_death":48106,"minecraft:total_world_time":48106,"minecraft:interact_with_crafting_table":9,"minecraft:fall_one_cm":1048,"minecraft:fly_one_cm":244885},"minecraft:used":{"iceandfire:armor_blue_boots":1,"minecraft:dirt":23,"minecraft:anvil":1,"minecraft:crafting_table":1,"minecraft:grass_block":2,"iceandfire:armor_blue_helmet":1,"minecraft:birch_log":3,"iceandfire:armor_blue_chestplate":1,"iceandfire:armor_blue_leggings":1},"minecraft:crafted":{"iceandfire:armor_blue_boots":1,"iceandfire:armor_blue_leggings":1,"iceandfire:armor_blue_helmet":1,"iceandfire:armor_blue_chestplate":1},"minecraft:picked_up":{"minecraft:birch_log":1,"minecraft:arrow":1,"minecraft:cow_spawn_egg":3,"minecraft:beef":4,"minecraft:gray_wool":1,"minecraft:grass_block":5,"minecraft:mutton":6,"minecraft:white_wool":3},"minecraft:killed":{"minecraft:sheep":4,"minecraft:cow":2}},"DataVersion":3465}