{"stats":{"minecraft:picked_up":{"chococraft:loverly_gysahl_green":1,"minecraft:iron_chestplate":1,"minecraft:ladder":4,"iceandfire:witherbone":3,"minecraft:clay_ball":28,"minecraft:prismarine_shard":6,"artifacts:bunny_hoppers":1,"minecraft:stone_brick_stairs":7,"minecraft:crimson_planks":1,"minecraft:string":16,"minecraft:moss_carpet":3,"minecraft:iron_axe":1,"minecraft:item_frame":1,"minecraft:red_nether_bricks":1,"minecraft:quartz_slab":24,"minecraft:iron_shovel":2,"minecraft:purple_banner":2,"minecraft:cyan_carpet":10,"iceandfire:sea_serpent_scales_bronze":18,"minecraft:gold_nugget":942,"minecraft:cobbled_deepslate":35,"travelersbackpack:enderman":2,"comforts:sleeping_bag_white":9,"minecraft:spruce_planks":1,"minecraft:beef":4,"minecraft:calcite":2,"minecraft:azalea":1,"minecraft:smooth_quartz":6,"minecraft:coal_block":13,"minecraft:birch_sapling":13,"iceandfire:dragonscales_red":10,"iceandfire:ice_dragon_heart":1,"minecraft:egg":1,"minecraft:tipped_arrow":3,"minecraft:dark_oak_sapling":10,"iceandfire:dragonbone":21,"minecraft:stick":35,"minecraft:sandstone":1,"minecraft:stripped_mangrove_wood":2,"minecraft:torch":26,"iceandfire:dragonscales_white":23,"sophisticatedbackpacks:backpack":2,"minecraft:porkchop":15,"minecraft:stone_button":1,"tombstone:grave_dust":30,"minecraft:carrot":5,"minecraft:redstone":31,"minecraft:prismarine_crystals":10,"minecraft:golden_chestplate":3,"minecraft:waxed_cut_copper_stairs":2,"iceandfire:dragon_skull_ice":1,"minecraft:quartz_block":2,"minecraft:arrow":80,"minecraft:rotten_flesh":107,"minecraft:tropical_fish":1,"minecraft:decorated_pot":2,"minecraft:cow_spawn_egg":3,"minecraft:hay_block":17,"iceandfire:fire_dragon_heart":2,"tombstone:essence_of_undeath":2,"minecraft:totem_of_undying":1,"minecraft:mutton":18,"minecraft:iron_bars":25,"minecraft:white_wool":8,"minecraft:cobblestone":42,"minecraft:birch_log":59,"minecraft:feather":4,"iceandfire:sea_serpent_fang":31,"minecraft:iron_door":3,"minecraft:tripwire_hook":8,"minecraft:brown_wool":1,"minecraft:leather":9,"minecraft:golden_leggings":1,"minecraft:potato":3,"minecraft:birch_planks":4,"minecraft:oak_log":82,"minecraft:dirt":52,"chococraft:chocobo_feather":2,"minecraft:bone":75,"chococraft:gysahl_green":32,"minecraft:apple":2,"minecraft:gray_carpet":2,"minecraft:bow":8,"minecraft:wheat_seeds":7,"minecraft:raw_gold":17,"minecraft:dark_oak_sign":3,"tombstone:bag_of_seeds":2,"iceandfire:fire_dragon_flesh":3,"minecraft:book":6,"minecraft:stone_brick_slab":1,"iceandfire:ash":1,"iceandfire:dragon_skull_fire":2,"iceandfire:shiny_scales":11,"minecraft:sand":18,"iceandfire:cyclops_skull":1,"minecraft:spruce_sapling":1,"chococraft:gysahl_green_seeds":12,"minecraft:spruce_log":1,"minecraft:grass_block":6,"minecraft:jungle_slab":2,"minecraft:dark_oak_log":58,"minecraft:spider_eye":8,"minecraft:bundle":1,"minecraft:light_gray_concrete":6,"minecraft:clay":1,"minecraft:diamond":4,"iceandfire:sea_serpent_scales_red":4,"minecraft:painting":2,"minecraft:golden_apple":3,"minecraft:mossy_cobblestone_stairs":2,"minecraft:gray_wool":2,"iceandfire:ice_dragon_flesh":4,"minecraft:spruce_sign":1,"minecraft:emerald":5,"minecraft:red_nether_brick_slab":1,"tombstone:magic_scroll":4,"minecraft:oak_sapling":28,"iceandfire:silver_nugget":2,"minecraft:coal":3,"minecraft:ender_pearl":5},"minecraft:crafted":{"minecraft:coal":18,"minecraft:dark_oak_boat":1,"iceandfire:armor_blue_helmet":1,"iceandfire:armor_blue_chestplate":1,"comforts:sleeping_bag_white":1,"minecraft:birch_boat":5,"minecraft:heavy_weighted_pressure_plate":1,"iceandfire:armor_red_leggings":1,"iceandfire:armor_blue_boots":1,"iceandfire:armor_red_boots":1,"minecraft:diamond_axe":1,"iceandfire:armor_red_chestplate":1,"chococraft:chocopedia":1,"minecraft:bucket":1,"minecraft:birch_planks":120,"iceandfire:armor_red_helmet":1,"minecraft:jungle_door":3,"iceandfire:armor_blue_leggings":1,"minecraft:gold_nugget":72,"minecraft:stick":4,"chococraft:chocobo_saddle":1,"minecraft:torch":36},"minecraft:custom":{"minecraft:interact_with_anvil":6,"minecraft:mob_kills":310,"minecraft:interact_with_crafting_table":12,"minecraft:open_barrel":120,"minecraft:leave_game":21,"minecraft:time_since_death":55345,"minecraft:climb_one_cm":19394,"minecraft:sprint_one_cm":944996,"minecraft:walk_one_cm":494433,"minecraft:drop":24,"minecraft:play_noteblock":2,"minecraft:damage_dealt_absorbed":40,"minecraft:play_time":339997,"minecraft:sneak_time":6512,"minecraft:deaths":2,"minecraft:walk_under_water_one_cm":65818,"minecraft:jump":5083,"minecraft:interact_with_blast_furnace":15,"minecraft:walk_on_water_one_cm":47735,"minecraft:total_world_time":339997,"minecraft:interact_with_furnace":7,"tombstone:raider_killed":35,"minecraft:tune_noteblock":3,"minecraft:sleep_in_bed":15,"minecraft:time_since_rest":9192,"minecraft:damage_taken":13501,"minecraft:damage_absorbed":693,"minecraft:trigger_trapped_chest":4,"minecraft:damage_dealt":64153,"minecraft:swim_one_cm":138638,"minecraft:fly_one_cm":1302635,"minecraft:open_chest":146,"minecraft:crouch_one_cm":13303,"tombstone:undead_killed":194,"minecraft:fall_one_cm":170939,"minecraft:inspect_dispenser":7},"minecraft:dropped":{"minecraft:wheat_seeds":1,"minecraft:cobblestone":3,"iceandfire:ice_dragon_flesh":4,"minecraft:grass_block":5,"minecraft:brown_wool":1,"minecraft:birch_log":1,"minecraft:rotten_flesh":1,"minecraft:cooked_mutton":1,"minecraft:cow_spawn_egg":4,"tombstone:essence_of_undeath":1,"minecraft:beef":2},"minecraft:killed":{"minecraft:evoker":1,"minecraft:vex":6,"minecraft:witch":1,"minecraft:vindicator":13,"minecraft:spider":17,"alexsmobs:seagull":2,"alexsmobs:bald_eagle":1,"minecraft:skeleton":65,"iceandfire:fire_dragon":1,"iceandfire:siren":2,"artifacts:mimic":1,"minecraft:husk":59,"minecraft:pig":6,"iceandfire:cyclops":1,"minecraft:frog":5,"minecraft:creeper":3,"minecraft:sheep":11,"minecraft:pillager":20,"minecraft:zombie":58,"minecraft:stray":9,"iceandfire:ice_dragon":1,"minecraft:wither_skeleton":3,"iceandfire:sea_serpent":4,"minecraft:enderman":8,"minecraft:cow":2},"minecraft:broken":{"iceandfire:armor_blue_helmet":1,"iceandfire:armor_blue_chestplate":1,"iceandfire:armor_blue_leggings":1},"minecraft:mined":{"minecraft:red_nether_brick_slab":1,"minecraft:spruce_planks":2,"minecraft:stone_pressure_plate":1,"minecraft:dark_oak_leaves":3,"minecraft:deepslate_diamond_ore":4,"minecraft:jungle_slab":2,"minecraft:dark_oak_log":104,"minecraft:red_nether_bricks":1,"minecraft:sea_lantern":1,"minecraft:ladder":1,"minecraft:grass_block":1,"minecraft:decorated_pot":2,"minecraft:coal_block":13,"minecraft:spruce_leaves":1,"minecraft:sandstone":1,"minecraft:spawner":50,"minecraft:hay_block":18,"minecraft:large_fern":1,"minecraft:carrots":1,"minecraft:mossy_cobblestone_stairs":3,"minecraft:fire":5,"minecraft:bookshelf":2,"chococraft:gysahl_green":13,"minecraft:potatoes":1,"iceandfire:gold_pile":101,"minecraft:vine":9,"minecraft:iron_bars":25,"minecraft:quartz_slab":12,"minecraft:light_gray_concrete":6,"minecraft:stripped_mangrove_wood":2,"minecraft:stone":46,"minecraft:waxed_cut_copper_stairs":2,"minecraft:deepslate_redstone_ore":7,"minecraft:quartz_block":7,"minecraft:stone_brick_slab":1,"minecraft:clay":7,"minecraft:torch":5,"minecraft:calcite":2,"minecraft:tall_grass":19,"minecraft:deepslate_gold_ore":18,"minecraft:iron_door":3,"minecraft:wall_torch":9,"minecraft:birch_log":58,"minecraft:tnt":1,"minecraft:stone_brick_stairs":7,"minecraft:grass":29,"minecraft:oak_log":89,"minecraft:coal_ore":4,"minecraft:cyan_carpet":5,"minecraft:smooth_quartz":6,"minecraft:sand":3,"minecraft:dirt":5,"minecraft:crimson_planks":2,"minecraft:gray_carpet":2,"minecraft:cobweb":2,"minecraft:tripwire_hook":2,"minecraft:gold_ore":1,"travelersbackpack:enderman":2,"minecraft:deepslate":35,"minecraft:oak_leaves":1,"minecraft:fern":2},"minecraft:used":{"minecraft:ladder":3,"minecraft:decorated_pot":2,"minecraft:cooked_chicken":5,"minecraft:torch":290,"minecraft:dirt":28,"minecraft:anvil":1,"minecraft:jungle_planks":63,"minecraft:carrot":3,"iceandfire:armor_red_boots":2,"minecraft:dark_oak_planks":200,"minecraft:grass_block":2,"iceandfire:armor_blue_chestplate":1,"minecraft:golden_carrot":4,"iceandfire:armor_blue_boots":3,"minecraft:tripwire_hook":1,"iceandfire:armor_red_leggings":1,"minecraft:dark_oak_boat":1,"minecraft:bow":142,"tombstone:gift":10,"comforts:sleeping_bag_white":9,"minecraft:cooked_beef":10,"minecraft:cobbled_deepslate":31,"iceandfire:armor_red_helmet":3,"minecraft:cooked_mutton":6,"minecraft:water_bucket":45,"iceandfire:fire_dragon_flesh":1,"minecraft:birch_planks":148,"iceandfire:armor_blue_helmet":4,"minecraft:oak_planks":121,"iceandfire:dragonbone_sword_ice":1044,"minecraft:ender_pearl":1,"minecraft:birch_boat":5,"artifacts:eternal_steak":3,"iceandfire:armor_red_chestplate":1,"minecraft:diamond_axe":279,"minecraft:golden_apple":18,"minecraft:crafting_table":1,"iceandfire:armor_blue_leggings":2,"minecraft:diamond_pickaxe":378,"iceandfire:dragonbone_sword_fire":47,"minecraft:heavy_weighted_pressure_plate":3,"iceandfire:cyclops_skull":1,"tombstone:grave_key":1,"minecraft:cobblestone":37,"minecraft:bucket":46,"minecraft:cooked_porkchop":12,"minecraft:jungle_door":1,"minecraft:birch_log":3}},"DataVersion":3465}