{"stats":{"minecraft:dropped":{"minecraft:cow_spawn_egg":4,"minecraft:beef":2,"minecraft:birch_log":1,"minecraft:grass_block":5},"minecraft:custom":{"minecraft:time_since_rest":36106,"minecraft:sprint_one_cm":18879,"minecraft:play_time":36106,"minecraft:damage_taken":50,"minecraft:walk_one_cm":19597,"minecraft:sneak_time":78,"minecraft:mob_kills":6,"minecraft:drop":12,"minecraft:jump":164,"minecraft:damage_dealt":1174,"minecraft:leave_game":6,"minecraft:time_since_death":36106,"minecraft:total_world_time":36106,"minecraft:fall_one_cm":1048,"minecraft:fly_one_cm":244619},"minecraft:used":{"minecraft:dirt":23,"minecraft:grass_block":2,"minecraft:birch_log":3},"minecraft:picked_up":{"minecraft:birch_log":1,"minecraft:arrow":1,"minecraft:cow_spawn_egg":3,"minecraft:beef":4,"minecraft:gray_wool":1,"minecraft:grass_block":5,"minecraft:mutton":6,"minecraft:white_wool":3},"minecraft:killed":{"minecraft:sheep":4,"minecraft:cow":2}},"DataVersion":3465}