{"stats":{"minecraft:dropped":{"minecraft:cobblestone":3,"minecraft:grass_block":5,"minecraft:brown_wool":1,"minecraft:cow_spawn_egg":4,"tombstone:essence_of_undeath":1,"minecraft:beef":2,"minecraft:birch_log":1},"minecraft:custom":{"minecraft:interact_with_anvil":5,"minecraft:mob_kills":51,"tombstone:raider_killed":22,"minecraft:interact_with_crafting_table":11,"minecraft:open_barrel":21,"minecraft:leave_game":6,"minecraft:time_since_death":102106,"minecraft:sleep_in_bed":3,"minecraft:climb_one_cm":694,"minecraft:time_since_rest":5228,"minecraft:sprint_one_cm":149414,"minecraft:damage_absorbed":180,"minecraft:damage_taken":2147,"minecraft:walk_one_cm":71651,"minecraft:trigger_trapped_chest":1,"minecraft:drop":17,"minecraft:damage_dealt":8984,"minecraft:swim_one_cm":53116,"minecraft:fly_one_cm":649583,"minecraft:open_chest":9,"minecraft:crouch_one_cm":1218,"minecraft:play_time":102106,"tombstone:undead_killed":4,"minecraft:sneak_time":1481,"minecraft:walk_under_water_one_cm":23834,"minecraft:jump":1637,"minecraft:walk_on_water_one_cm":13996,"minecraft:total_world_time":102106,"minecraft:inspect_dispenser":2,"minecraft:fall_one_cm":50592},"minecraft:used":{"minecraft:water_bucket":12,"minecraft:birch_planks":60,"iceandfire:armor_blue_helmet":1,"minecraft:oak_planks":121,"iceandfire:dragonbone_sword_ice":121,"minecraft:birch_boat":2,"artifacts:eternal_steak":3,"minecraft:diamond_axe":119,"minecraft:torch":3,"minecraft:golden_apple":5,"minecraft:dirt":23,"minecraft:anvil":1,"minecraft:crafting_table":1,"iceandfire:armor_blue_leggings":1,"minecraft:diamond_pickaxe":63,"minecraft:grass_block":2,"iceandfire:armor_blue_chestplate":1,"iceandfire:armor_blue_boots":1,"minecraft:bow":60,"minecraft:cooked_porkchop":7,"minecraft:birch_log":3,"minecraft:bucket":13,"comforts:sleeping_bag_white":2},"minecraft:crafted":{"minecraft:coal":18,"minecraft:diamond_axe":1,"iceandfire:armor_blue_helmet":1,"iceandfire:armor_blue_chestplate":1,"comforts:sleeping_bag_white":1,"minecraft:birch_boat":2,"iceandfire:armor_red_chestplate":1,"minecraft:bucket":1,"minecraft:birch_planks":120,"iceandfire:armor_red_helmet":1,"iceandfire:armor_blue_leggings":1,"minecraft:stick":4,"iceandfire:armor_red_leggings":1,"iceandfire:armor_blue_boots":1,"iceandfire:armor_red_boots":1,"minecraft:torch":12},"minecraft:mined":{"minecraft:spruce_planks":2,"minecraft:jungle_slab":1,"minecraft:torch":1,"minecraft:coal_block":6,"minecraft:tall_grass":4,"minecraft:spawner":1,"minecraft:birch_log":58,"minecraft:fire":1,"minecraft:grass":12,"minecraft:coal_ore":4,"minecraft:oak_log":45,"iceandfire:gold_pile":38,"minecraft:quartz_slab":6,"minecraft:crimson_planks":2,"minecraft:cobweb":1,"minecraft:tripwire_hook":1,"minecraft:stone":7,"minecraft:oak_leaves":1,"minecraft:fern":1},"minecraft:picked_up":{"minecraft:birch_log":59,"minecraft:feather":2,"iceandfire:sea_serpent_fang":13,"minecraft:tripwire_hook":3,"minecraft:brown_wool":1,"minecraft:oak_log":38,"minecraft:crimson_planks":1,"minecraft:string":2,"minecraft:quartz_slab":12,"iceandfire:sea_serpent_scales_bronze":8,"minecraft:gold_nugget":360,"minecraft:spruce_planks":1,"comforts:sleeping_bag_white":2,"minecraft:beef":4,"minecraft:coal_block":6,"minecraft:birch_sapling":13,"iceandfire:fire_dragon_flesh":2,"iceandfire:dragonscales_red":10,"minecraft:stick":18,"iceandfire:dragonbone":8,"minecraft:torch":1,"iceandfire:ash":1,"sophisticatedbackpacks:backpack":1,"iceandfire:dragon_skull_fire":1,"minecraft:porkchop":15,"minecraft:grass_block":5,"minecraft:jungle_slab":1,"minecraft:arrow":5,"minecraft:rotten_flesh":1,"minecraft:cow_spawn_egg":3,"iceandfire:sea_serpent_scales_red":2,"iceandfire:fire_dragon_heart":1,"minecraft:emerald":4,"minecraft:gray_wool":2,"tombstone:essence_of_undeath":2,"minecraft:oak_sapling":17,"minecraft:mutton":14,"minecraft:coal":3,"minecraft:white_wool":7,"minecraft:cobblestone":3},"minecraft:killed":{"minecraft:pig":6,"minecraft:witch":1,"minecraft:vindicator":11,"minecraft:spider":1,"alexsmobs:seagull":1,"minecraft:creeper":1,"minecraft:sheep":10,"minecraft:skeleton":3,"minecraft:pillager":10,"minecraft:zombie":1,"iceandfire:fire_dragon":1,"iceandfire:sea_serpent":2,"minecraft:cow":2}},"DataVersion":3465}