{"stats":{"minecraft:used":{"minecraft:ladder":3,"minecraft:decorated_pot":2,"minecraft:torch":59,"minecraft:dirt":23,"minecraft:anvil":1,"minecraft:carrot":3,"iceandfire:armor_red_boots":2,"minecraft:grass_block":2,"iceandfire:armor_blue_chestplate":1,"iceandfire:armor_blue_boots":3,"iceandfire:armor_red_leggings":1,"minecraft:tripwire_hook":1,"minecraft:bow":81,"tombstone:gift":2,"comforts:sleeping_bag_white":5,"iceandfire:armor_red_helmet":3,"minecraft:water_bucket":23,"minecraft:birch_planks":144,"iceandfire:armor_blue_helmet":4,"minecraft:oak_planks":121,"iceandfire:dragonbone_sword_ice":295,"minecraft:birch_boat":4,"artifacts:eternal_steak":3,"iceandfire:armor_red_chestplate":1,"minecraft:diamond_axe":119,"minecraft:golden_apple":11,"minecraft:crafting_table":1,"iceandfire:armor_blue_leggings":2,"minecraft:diamond_pickaxe":83,"iceandfire:dragonbone_sword_fire":17,"minecraft:cooked_porkchop":12,"minecraft:birch_log":3,"minecraft:bucket":24},"minecraft:custom":{"minecraft:mob_kills":105,"minecraft:interact_with_anvil":6,"minecraft:interact_with_crafting_table":11,"minecraft:open_barrel":83,"minecraft:leave_game":9,"minecraft:time_since_death":7556,"minecraft:climb_one_cm":5826,"minecraft:sprint_one_cm":347662,"minecraft:walk_one_cm":180866,"minecraft:drop":21,"minecraft:play_time":169178,"minecraft:deaths":1,"minecraft:sneak_time":3372,"minecraft:walk_under_water_one_cm":35580,"minecraft:jump":2496,"minecraft:interact_with_blast_furnace":13,"minecraft:walk_on_water_one_cm":25373,"minecraft:total_world_time":169178,"minecraft:interact_with_furnace":3,"tombstone:raider_killed":35,"minecraft:sleep_in_bed":8,"minecraft:time_since_rest":5157,"minecraft:damage_taken":6290,"minecraft:damage_absorbed":420,"minecraft:trigger_trapped_chest":1,"minecraft:damage_dealt":21038,"minecraft:swim_one_cm":98077,"minecraft:fly_one_cm":799078,"minecraft:open_chest":38,"minecraft:crouch_one_cm":3384,"tombstone:undead_killed":34,"minecraft:fall_one_cm":90374,"minecraft:inspect_dispenser":2},"minecraft:picked_up":{"minecraft:ladder":3,"minecraft:prismarine_shard":3,"minecraft:crimson_planks":1,"minecraft:string":3,"minecraft:quartz_slab":24,"minecraft:purple_banner":2,"minecraft:cyan_carpet":5,"iceandfire:sea_serpent_scales_bronze":18,"minecraft:gold_nugget":360,"travelersbackpack:enderman":1,"comforts:sleeping_bag_white":5,"minecraft:spruce_planks":1,"minecraft:beef":4,"minecraft:coal_block":12,"minecraft:birch_sapling":13,"iceandfire:dragonscales_red":10,"iceandfire:ice_dragon_heart":1,"minecraft:stick":18,"iceandfire:dragonbone":16,"minecraft:torch":10,"iceandfire:dragonscales_white":23,"sophisticatedbackpacks:backpack":1,"minecraft:porkchop":15,"tombstone:grave_dust":4,"minecraft:prismarine_crystals":5,"iceandfire:dragon_skull_ice":1,"minecraft:arrow":18,"minecraft:rotten_flesh":15,"minecraft:tropical_fish":1,"minecraft:decorated_pot":2,"minecraft:cow_spawn_egg":3,"iceandfire:fire_dragon_heart":1,"minecraft:totem_of_undying":1,"tombstone:essence_of_undeath":2,"minecraft:mutton":15,"minecraft:white_wool":8,"minecraft:cobblestone":4,"minecraft:birch_log":59,"minecraft:feather":2,"iceandfire:sea_serpent_fang":25,"minecraft:tripwire_hook":8,"minecraft:brown_wool":1,"minecraft:birch_planks":2,"minecraft:oak_log":38,"minecraft:bone":13,"minecraft:gray_carpet":1,"iceandfire:fire_dragon_flesh":2,"iceandfire:ash":1,"iceandfire:dragon_skull_fire":1,"iceandfire:shiny_scales":4,"minecraft:spruce_sapling":1,"minecraft:grass_block":5,"minecraft:spruce_log":1,"minecraft:jungle_slab":2,"minecraft:bundle":1,"minecraft:painting":1,"iceandfire:sea_serpent_scales_red":2,"minecraft:gray_wool":2,"minecraft:spruce_sign":1,"iceandfire:ice_dragon_flesh":4,"minecraft:emerald":5,"minecraft:oak_sapling":17,"minecraft:coal":3,"iceandfire:silver_nugget":2},"minecraft:crafted":{"minecraft:coal":18,"iceandfire:armor_blue_helmet":1,"iceandfire:armor_blue_chestplate":1,"comforts:sleeping_bag_white":1,"minecraft:birch_boat":4,"iceandfire:armor_red_leggings":1,"iceandfire:armor_blue_boots":1,"iceandfire:armor_red_boots":1,"minecraft:diamond_axe":1,"iceandfire:armor_red_chestplate":1,"minecraft:bucket":1,"minecraft:birch_planks":120,"iceandfire:armor_red_helmet":1,"iceandfire:armor_blue_leggings":1,"minecraft:stick":4,"minecraft:torch":12},"minecraft:killed":{"minecraft:evoker":1,"minecraft:vex":6,"minecraft:witch":1,"minecraft:vindicator":13,"minecraft:spider":1,"alexsmobs:seagull":1,"minecraft:skeleton":13,"iceandfire:fire_dragon":1,"iceandfire:siren":1,"minecraft:husk":16,"minecraft:pig":6,"minecraft:frog":1,"minecraft:creeper":1,"minecraft:sheep":11,"minecraft:pillager":20,"minecraft:zombie":5,"iceandfire:ice_dragon":1,"iceandfire:sea_serpent":2,"minecraft:cow":2},"minecraft:dropped":{"minecraft:cobblestone":3,"iceandfire:ice_dragon_flesh":4,"minecraft:grass_block":5,"minecraft:brown_wool":1,"minecraft:birch_log":1,"minecraft:cow_spawn_egg":4,"tombstone:essence_of_undeath":1,"minecraft:beef":2},"minecraft:mined":{"minecraft:spruce_planks":2,"minecraft:jungle_slab":2,"minecraft:sea_lantern":1,"minecraft:ladder":1,"minecraft:decorated_pot":2,"minecraft:coal_block":12,"minecraft:spawner":6,"minecraft:fire":1,"iceandfire:gold_pile":38,"minecraft:quartz_slab":12,"minecraft:stone":8,"minecraft:torch":1,"minecraft:tall_grass":4,"minecraft:wall_torch":3,"minecraft:birch_log":58,"minecraft:grass":13,"minecraft:oak_log":45,"minecraft:coal_ore":4,"minecraft:crimson_planks":2,"minecraft:gray_carpet":1,"minecraft:cobweb":2,"minecraft:tripwire_hook":2,"travelersbackpack:enderman":1,"minecraft:oak_leaves":1,"minecraft:fern":1}},"DataVersion":3465}