{"stats":{"minecraft:crafted":{"minecraft:coal":18,"iceandfire:armor_blue_helmet":1,"iceandfire:armor_blue_chestplate":1,"comforts:sleeping_bag_white":1,"minecraft:birch_boat":5,"minecraft:heavy_weighted_pressure_plate":1,"iceandfire:armor_red_leggings":1,"iceandfire:armor_blue_boots":1,"iceandfire:armor_red_boots":1,"minecraft:diamond_axe":1,"iceandfire:armor_red_chestplate":1,"minecraft:bucket":1,"minecraft:birch_planks":120,"iceandfire:armor_red_helmet":1,"iceandfire:armor_blue_leggings":1,"minecraft:stick":4,"minecraft:torch":12},"minecraft:killed":{"minecraft:evoker":1,"minecraft:vex":6,"minecraft:witch":1,"minecraft:vindicator":13,"minecraft:spider":15,"alexsmobs:seagull":2,"alexsmobs:bald_eagle":1,"minecraft:skeleton":52,"iceandfire:fire_dragon":1,"iceandfire:siren":2,"artifacts:mimic":1,"minecraft:husk":16,"minecraft:pig":6,"minecraft:frog":1,"minecraft:creeper":3,"minecraft:sheep":11,"minecraft:pillager":20,"minecraft:zombie":58,"minecraft:stray":9,"iceandfire:ice_dragon":1,"minecraft:wither_skeleton":3,"iceandfire:sea_serpent":2,"minecraft:enderman":7,"minecraft:cow":2},"minecraft:broken":{"iceandfire:armor_blue_helmet":1},"minecraft:custom":{"minecraft:mob_kills":240,"minecraft:interact_with_anvil":6,"minecraft:interact_with_crafting_table":12,"minecraft:open_barrel":101,"minecraft:leave_game":20,"minecraft:time_since_death":105018,"minecraft:climb_one_cm":16100,"minecraft:sprint_one_cm":776783,"minecraft:walk_one_cm":335377,"minecraft:drop":21,"minecraft:play_noteblock":1,"minecraft:play_time":266640,"minecraft:deaths":1,"minecraft:sneak_time":5689,"minecraft:walk_under_water_one_cm":45512,"minecraft:jump":3794,"minecraft:interact_with_blast_furnace":13,"minecraft:walk_on_water_one_cm":39630,"minecraft:total_world_time":266640,"minecraft:interact_with_furnace":6,"tombstone:raider_killed":35,"minecraft:sleep_in_bed":10,"minecraft:time_since_rest":46531,"minecraft:damage_taken":8903,"minecraft:damage_absorbed":534,"minecraft:trigger_trapped_chest":4,"minecraft:damage_dealt":44306,"minecraft:swim_one_cm":124537,"minecraft:fly_one_cm":988596,"minecraft:open_chest":130,"minecraft:crouch_one_cm":10561,"tombstone:undead_killed":138,"minecraft:fall_one_cm":122758,"minecraft:inspect_dispenser":7},"minecraft:dropped":{"minecraft:cobblestone":3,"iceandfire:ice_dragon_flesh":4,"minecraft:grass_block":5,"minecraft:brown_wool":1,"minecraft:birch_log":1,"minecraft:cow_spawn_egg":4,"tombstone:essence_of_undeath":1,"minecraft:beef":2},"minecraft:used":{"minecraft:ladder":3,"minecraft:decorated_pot":2,"minecraft:cooked_chicken":4,"minecraft:torch":252,"minecraft:dirt":23,"minecraft:anvil":1,"minecraft:jungle_planks":29,"minecraft:carrot":3,"iceandfire:armor_red_boots":2,"minecraft:dark_oak_planks":147,"minecraft:grass_block":2,"iceandfire:armor_blue_chestplate":1,"iceandfire:armor_blue_boots":3,"iceandfire:armor_red_leggings":1,"minecraft:tripwire_hook":1,"minecraft:bow":123,"tombstone:gift":8,"comforts:sleeping_bag_white":6,"minecraft:cooked_beef":10,"iceandfire:armor_red_helmet":3,"minecraft:water_bucket":38,"minecraft:birch_planks":148,"iceandfire:armor_blue_helmet":4,"minecraft:oak_planks":121,"iceandfire:dragonbone_sword_ice":746,"minecraft:ender_pearl":1,"minecraft:birch_boat":5,"artifacts:eternal_steak":3,"iceandfire:armor_red_chestplate":1,"minecraft:diamond_axe":226,"minecraft:golden_apple":14,"minecraft:crafting_table":1,"iceandfire:armor_blue_leggings":2,"minecraft:diamond_pickaxe":222,"iceandfire:dragonbone_sword_fire":17,"minecraft:heavy_weighted_pressure_plate":3,"minecraft:cooked_porkchop":12,"minecraft:bucket":39,"minecraft:birch_log":3},"minecraft:mined":{"minecraft:red_nether_brick_slab":1,"minecraft:stone_pressure_plate":1,"minecraft:spruce_planks":2,"minecraft:dark_oak_leaves":3,"minecraft:deepslate_diamond_ore":2,"minecraft:jungle_slab":2,"minecraft:dark_oak_log":104,"minecraft:red_nether_bricks":1,"minecraft:sea_lantern":1,"minecraft:ladder":1,"minecraft:decorated_pot":2,"minecraft:coal_block":13,"minecraft:spawner":43,"minecraft:large_fern":1,"minecraft:hay_block":18,"minecraft:carrots":1,"minecraft:mossy_cobblestone_stairs":3,"minecraft:fire":1,"minecraft:bookshelf":2,"minecraft:potatoes":1,"minecraft:vine":9,"iceandfire:gold_pile":38,"minecraft:iron_bars":25,"minecraft:quartz_slab":12,"minecraft:light_gray_concrete":6,"minecraft:stone":8,"minecraft:stripped_mangrove_wood":2,"minecraft:deepslate_redstone_ore":7,"minecraft:quartz_block":7,"minecraft:stone_brick_slab":1,"minecraft:torch":4,"minecraft:calcite":2,"minecraft:tall_grass":6,"minecraft:deepslate_gold_ore":18,"minecraft:iron_door":3,"minecraft:wall_torch":6,"minecraft:birch_log":58,"minecraft:tnt":1,"minecraft:stone_brick_stairs":7,"minecraft:grass":22,"minecraft:oak_log":45,"minecraft:coal_ore":4,"minecraft:sand":3,"minecraft:smooth_quartz":6,"minecraft:gray_carpet":1,"minecraft:crimson_planks":2,"minecraft:cobweb":2,"minecraft:tripwire_hook":2,"minecraft:deepslate":3,"travelersbackpack:enderman":1,"minecraft:gold_ore":1,"minecraft:oak_leaves":1,"minecraft:fern":2},"minecraft:picked_up":{"minecraft:iron_chestplate":1,"iceandfire:witherbone":3,"minecraft:ladder":4,"minecraft:prismarine_shard":6,"artifacts:bunny_hoppers":1,"minecraft:stone_brick_stairs":7,"minecraft:crimson_planks":1,"minecraft:string":14,"minecraft:moss_carpet":3,"minecraft:iron_axe":1,"minecraft:red_nether_bricks":1,"minecraft:quartz_slab":24,"minecraft:iron_shovel":2,"minecraft:purple_banner":2,"minecraft:cyan_carpet":5,"iceandfire:sea_serpent_scales_bronze":18,"minecraft:gold_nugget":360,"minecraft:cobbled_deepslate":3,"travelersbackpack:enderman":1,"comforts:sleeping_bag_white":6,"minecraft:spruce_planks":1,"minecraft:beef":4,"minecraft:calcite":2,"minecraft:azalea":1,"minecraft:smooth_quartz":6,"minecraft:coal_block":13,"minecraft:birch_sapling":13,"iceandfire:dragonscales_red":10,"iceandfire:ice_dragon_heart":1,"minecraft:tipped_arrow":3,"minecraft:dark_oak_sapling":10,"minecraft:stick":25,"iceandfire:dragonbone":16,"minecraft:stripped_mangrove_wood":2,"minecraft:torch":20,"iceandfire:dragonscales_white":23,"sophisticatedbackpacks:backpack":1,"minecraft:porkchop":15,"minecraft:stone_button":1,"tombstone:grave_dust":22,"minecraft:redstone":31,"minecraft:carrot":5,"minecraft:golden_chestplate":3,"minecraft:prismarine_crystals":10,"iceandfire:dragon_skull_ice":1,"minecraft:quartz_block":2,"minecraft:arrow":65,"minecraft:rotten_flesh":60,"minecraft:tropical_fish":1,"minecraft:decorated_pot":2,"minecraft:cow_spawn_egg":3,"minecraft:hay_block":17,"iceandfire:fire_dragon_heart":1,"tombstone:essence_of_undeath":2,"minecraft:totem_of_undying":1,"minecraft:mutton":15,"minecraft:iron_bars":25,"minecraft:white_wool":8,"minecraft:cobblestone":4,"minecraft:birch_log":59,"minecraft:feather":4,"iceandfire:sea_serpent_fang":25,"minecraft:iron_door":3,"minecraft:tripwire_hook":8,"minecraft:brown_wool":1,"minecraft:golden_leggings":1,"minecraft:potato":3,"minecraft:birch_planks":4,"minecraft:oak_log":38,"minecraft:dirt":46,"minecraft:bone":60,"minecraft:apple":2,"minecraft:gray_carpet":1,"minecraft:bow":5,"minecraft:wheat_seeds":3,"minecraft:raw_gold":17,"minecraft:dark_oak_sign":3,"tombstone:bag_of_seeds":2,"iceandfire:fire_dragon_flesh":2,"minecraft:book":6,"minecraft:stone_brick_slab":1,"iceandfire:ash":1,"iceandfire:dragon_skull_fire":1,"iceandfire:shiny_scales":7,"minecraft:sand":18,"minecraft:spruce_sapling":1,"minecraft:grass_block":6,"minecraft:spruce_log":1,"minecraft:dark_oak_log":58,"minecraft:jungle_slab":2,"minecraft:spider_eye":7,"minecraft:bundle":1,"minecraft:light_gray_concrete":6,"minecraft:clay":1,"minecraft:diamond":2,"iceandfire:sea_serpent_scales_red":2,"minecraft:painting":1,"minecraft:mossy_cobblestone_stairs":2,"minecraft:gray_wool":2,"iceandfire:ice_dragon_flesh":4,"minecraft:spruce_sign":1,"minecraft:emerald":5,"minecraft:oak_sapling":17,"minecraft:red_nether_brick_slab":1,"tombstone:magic_scroll":3,"iceandfire:silver_nugget":2,"minecraft:coal":3,"minecraft:ender_pearl":5}},"DataVersion":3465}