{"stats":{"minecraft:broken":{"iceandfire:armor_blue_helmet":1,"minecraft:diamond_boots":1,"iceandfire:armor_blue_chestplate":1,"iceandfire:armor_blue_leggings":1},"minecraft:mined":{"minecraft:red_nether_brick_slab":1,"minecraft:spruce_planks":2,"minecraft:stone_pressure_plate":1,"minecraft:dark_oak_leaves":3,"minecraft:deepslate_diamond_ore":4,"minecraft:jungle_slab":2,"minecraft:dark_oak_log":104,"minecraft:red_nether_bricks":1,"minecraft:sea_lantern":1,"minecraft:ladder":1,"minecraft:grass_block":1,"minecraft:decorated_pot":2,"minecraft:coal_block":13,"minecraft:spruce_leaves":1,"minecraft:kelp":1,"minecraft:sandstone":1,"minecraft:spawner":56,"minecraft:hay_block":18,"minecraft:large_fern":1,"minecraft:carrots":1,"minecraft:mossy_cobblestone_stairs":3,"minecraft:fire":9,"minecraft:gold_block":1,"minecraft:bookshelf":2,"chococraft:gysahl_green":13,"minecraft:potatoes":1,"minecraft:vine":11,"iceandfire:gold_pile":182,"minecraft:iron_bars":25,"minecraft:quartz_slab":12,"minecraft:light_gray_concrete":6,"minecraft:stripped_mangrove_wood":2,"minecraft:stone":46,"minecraft:waxed_cut_copper_stairs":2,"minecraft:deepslate_redstone_ore":7,"minecraft:quartz_block":7,"minecraft:kelp_plant":1,"minecraft:stone_brick_slab":1,"minecraft:clay":7,"minecraft:torch":6,"minecraft:calcite":3,"minecraft:tall_grass":21,"minecraft:deepslate_gold_ore":18,"minecraft:iron_door":3,"minecraft:wall_torch":13,"minecraft:seagrass":2,"minecraft:birch_log":58,"minecraft:tnt":1,"minecraft:stone_brick_stairs":7,"minecraft:grass":33,"minecraft:coal_ore":4,"minecraft:oak_log":89,"minecraft:crimson_planks":2,"minecraft:cyan_carpet":5,"minecraft:smooth_quartz":6,"minecraft:sand":3,"minecraft:dirt":5,"minecraft:gray_carpet":2,"minecraft:cobweb":2,"minecraft:tripwire_hook":3,"minecraft:gold_ore":1,"minecraft:deepslate":35,"travelersbackpack:enderman":2,"minecraft:oak_leaves":1,"minecraft:iron_trapdoor":1,"minecraft:fern":2},"minecraft:killed":{"minecraft:evoker":1,"minecraft:vex":6,"minecraft:witch":1,"minecraft:vindicator":13,"minecraft:spider":17,"alexsmobs:bald_eagle":1,"alexsmobs:seagull":4,"minecraft:skeleton":98,"iceandfire:fire_dragon":2,"iceandfire:siren":3,"artifacts:mimic":1,"minecraft:husk":59,"minecraft:pig":6,"iceandfire:cyclops":1,"minecraft:frog":5,"minecraft:creeper":3,"minecraft:sheep":11,"minecraft:pillager":20,"minecraft:zombie":62,"minecraft:stray":9,"iceandfire:ice_dragon":1,"minecraft:wither_skeleton":3,"iceandfire:sea_serpent":7,"minecraft:enderman":8,"minecraft:cow":3},"minecraft:picked_up":{"minecraft:iron_chestplate":1,"chococraft:loverly_gysahl_green":2,"minecraft:ladder":4,"iceandfire:witherbone":3,"minecraft:iron_trapdoor":1,"minecraft:clay_ball":28,"minecraft:prismarine_shard":7,"artifacts:bunny_hoppers":1,"minecraft:gold_block":1,"minecraft:stone_brick_stairs":7,"minecraft:crimson_planks":1,"minecraft:string":16,"minecraft:moss_carpet":3,"minecraft:iron_axe":1,"minecraft:red_nether_bricks":1,"minecraft:item_frame":1,"minecraft:quartz_slab":24,"minecraft:iron_shovel":2,"minecraft:purple_banner":2,"minecraft:cyan_carpet":10,"iceandfire:sea_serpent_scales_bronze":28,"minecraft:gold_nugget":1760,"minecraft:cobbled_deepslate":35,"travelersbackpack:enderman":2,"comforts:sleeping_bag_white":13,"minecraft:spruce_planks":1,"minecraft:beef":7,"minecraft:white_tulip":1,"minecraft:calcite":2,"minecraft:azalea":2,"minecraft:smooth_quartz":6,"minecraft:coal_block":13,"minecraft:birch_sapling":13,"iceandfire:dragonscales_red":10,"iceandfire:ice_dragon_heart":1,"minecraft:egg":1,"minecraft:tipped_arrow":3,"minecraft:dark_oak_sapling":10,"iceandfire:dragonbone":31,"minecraft:stick":35,"minecraft:sandstone":1,"minecraft:stripped_mangrove_wood":2,"iceandfire:dragonscales_gray":13,"minecraft:torch":34,"iceandfire:dragonscales_white":23,"sophisticatedbackpacks:backpack":2,"minecraft:porkchop":15,"minecraft:stone_button":1,"tombstone:grave_dust":30,"minecraft:carrot":5,"minecraft:redstone":31,"minecraft:prismarine_crystals":11,"minecraft:golden_chestplate":3,"iceandfire:dragon_skull_ice":1,"minecraft:waxed_cut_copper_stairs":2,"minecraft:quartz_block":2,"minecraft:arrow":112,"iceandfire:cyclops_eye":1,"minecraft:rotten_flesh":112,"minecraft:tropical_fish":1,"minecraft:decorated_pot":2,"minecraft:cow_spawn_egg":3,"minecraft:hay_block":17,"iceandfire:fire_dragon_heart":3,"tombstone:essence_of_undeath":2,"minecraft:totem_of_undying":1,"minecraft:mutton":27,"minecraft:iron_bars":25,"minecraft:white_wool":8,"minecraft:cobblestone":42,"minecraft:birch_log":59,"minecraft:feather":4,"minecraft:cooked_beef":13,"iceandfire:sea_serpent_fang":49,"minecraft:golden_carrot":1,"minecraft:iron_door":3,"minecraft:tripwire_hook":9,"minecraft:brown_wool":1,"minecraft:leather":16,"minecraft:golden_leggings":1,"minecraft:potato":3,"minecraft:birch_planks":4,"minecraft:oak_log":82,"minecraft:dirt":52,"minecraft:cooked_mutton":2,"chococraft:chocobo_feather":2,"minecraft:bone":108,"chococraft:gysahl_green":32,"minecraft:apple":2,"minecraft:gray_carpet":2,"minecraft:bow":9,"minecraft:wheat_seeds":7,"minecraft:raw_gold":17,"minecraft:dark_oak_sign":3,"tombstone:bag_of_seeds":5,"iceandfire:fire_dragon_flesh":8,"minecraft:book":6,"minecraft:stone_brick_slab":1,"iceandfire:ash":1,"iceandfire:dragon_skull_fire":3,"iceandfire:shiny_scales":14,"minecraft:sand":18,"iceandfire:cyclops_skull":1,"minecraft:spruce_sapling":1,"chococraft:gysahl_green_seeds":13,"minecraft:spruce_log":1,"minecraft:grass_block":6,"minecraft:jungle_slab":2,"minecraft:dark_oak_log":58,"minecraft:spider_eye":8,"minecraft:bundle":2,"minecraft:light_gray_concrete":6,"minecraft:clay":1,"minecraft:diamond":4,"iceandfire:dragonbone_sword_fire":1,"iceandfire:sea_serpent_scales_red":4,"minecraft:painting":2,"minecraft:mossy_cobblestone_stairs":2,"minecraft:golden_apple":3,"minecraft:gray_wool":2,"iceandfire:ice_dragon_flesh":4,"minecraft:spruce_sign":1,"minecraft:emerald":5,"minecraft:red_nether_brick_slab":1,"tombstone:magic_scroll":8,"minecraft:oak_sapling":28,"iceandfire:silver_nugget":2,"minecraft:coal":3,"minecraft:ender_pearl":5},"minecraft:dropped":{"minecraft:wheat_seeds":1,"minecraft:cobblestone":3,"iceandfire:ice_dragon_flesh":4,"minecraft:grass_block":5,"minecraft:brown_wool":1,"minecraft:birch_log":1,"minecraft:rotten_flesh":1,"minecraft:cooked_mutton":1,"minecraft:cow_spawn_egg":4,"tombstone:essence_of_undeath":1,"minecraft:beef":2},"minecraft:used":{"minecraft:ladder":3,"minecraft:decorated_pot":2,"minecraft:cooked_chicken":5,"minecraft:torch":315,"minecraft:dirt":28,"minecraft:anvil":1,"minecraft:jungle_planks":63,"minecraft:carrot":3,"iceandfire:armor_red_boots":2,"minecraft:dark_oak_planks":218,"minecraft:grass_block":2,"iceandfire:armor_blue_chestplate":1,"minecraft:tripwire_hook":1,"minecraft:dark_oak_boat":1,"iceandfire:armor_red_leggings":1,"minecraft:golden_carrot":9,"minecraft:diamond_chestplate":1,"iceandfire:armor_blue_boots":3,"minecraft:bow":172,"comforts:sleeping_bag_white":13,"tombstone:gift":10,"minecraft:cooked_beef":11,"minecraft:cobbled_deepslate":31,"iceandfire:armor_red_helmet":3,"minecraft:cooked_mutton":17,"minecraft:water_bucket":56,"iceandfire:fire_dragon_flesh":1,"minecraft:birch_planks":148,"iceandfire:armor_blue_helmet":4,"minecraft:oak_planks":254,"iceandfire:dragonbone_sword_ice":1269,"minecraft:ender_pearl":1,"minecraft:birch_boat":5,"artifacts:eternal_steak":3,"minecraft:diamond_axe":279,"iceandfire:armor_red_chestplate":1,"minecraft:golden_apple":20,"minecraft:crafting_table":1,"iceandfire:armor_blue_leggings":2,"minecraft:diamond_pickaxe":468,"iceandfire:dragonbone_sword_fire":69,"minecraft:heavy_weighted_pressure_plate":3,"iceandfire:cyclops_skull":1,"tombstone:grave_key":1,"minecraft:fire_charge":2,"minecraft:cobblestone":37,"minecraft:oak_boat":1,"minecraft:bucket":57,"minecraft:jungle_door":1,"minecraft:cooked_porkchop":12,"minecraft:experience_bottle":2,"minecraft:birch_log":3},"minecraft:custom":{"minecraft:interact_with_anvil":6,"minecraft:mob_kills":365,"minecraft:interact_with_crafting_table":12,"minecraft:open_barrel":160,"minecraft:leave_game":28,"minecraft:time_since_death":137309,"minecraft:climb_one_cm":22883,"minecraft:sprint_one_cm":1208896,"minecraft:walk_one_cm":602725,"minecraft:drop":24,"minecraft:play_noteblock":2,"minecraft:damage_dealt_absorbed":40,"minecraft:talked_to_villager":2,"minecraft:play_time":421961,"minecraft:sneak_time":7236,"minecraft:deaths":2,"minecraft:walk_under_water_one_cm":109474,"minecraft:jump":7326,"minecraft:interact_with_blast_furnace":15,"minecraft:walk_on_water_one_cm":83810,"minecraft:total_world_time":421961,"minecraft:interact_with_furnace":7,"tombstone:raider_killed":35,"minecraft:tune_noteblock":3,"minecraft:sleep_in_bed":19,"minecraft:time_since_rest":16204,"minecraft:damage_taken":16598,"minecraft:damage_absorbed":773,"minecraft:trigger_trapped_chest":6,"minecraft:damage_dealt":78630,"minecraft:swim_one_cm":311010,"minecraft:fly_one_cm":2103847,"minecraft:open_chest":174,"minecraft:crouch_one_cm":14104,"tombstone:undead_killed":231,"minecraft:fall_one_cm":257372,"minecraft:inspect_dispenser":7},"minecraft:crafted":{"minecraft:coal":18,"minecraft:dark_oak_boat":1,"iceandfire:armor_blue_helmet":1,"iceandfire:armor_blue_chestplate":1,"comforts:sleeping_bag_white":1,"minecraft:birch_boat":5,"minecraft:heavy_weighted_pressure_plate":1,"iceandfire:armor_red_leggings":1,"iceandfire:armor_blue_boots":1,"iceandfire:armor_red_boots":1,"minecraft:diamond_axe":1,"iceandfire:armor_red_chestplate":1,"chococraft:chocopedia":1,"minecraft:bucket":1,"minecraft:birch_planks":120,"iceandfire:armor_red_helmet":1,"minecraft:oak_boat":1,"minecraft:jungle_door":3,"iceandfire:armor_blue_leggings":1,"minecraft:gold_nugget":72,"minecraft:stick":8,"chococraft:chocobo_saddle":1,"minecraft:torch":52}},"DataVersion":3465}