{
  "minecraft:recipes/decorations/crafting_table": {
    "criteria": {
      "unlock_right_away": "2024-09-15 21:22:48 +0000"
    },
    "done": true
  },
  "minecraft:adventure/adventuring_time": {
    "criteria": {
      "minecraft:old_growth_pine_taiga": "2024-09-15 21:24:34 +0000",
      "minecraft:sunflower_plains": "2024-09-15 21:34:20 +0000",
      "minecraft:birch_forest": "2024-09-15 21:23:50 +0000",
      "minecraft:beach": "2024-09-15 21:24:25 +0000",
      "minecraft:dark_forest": "2024-09-15 21:23:51 +0000",
      "minecraft:river": "2024-09-15 21:23:48 +0000",
      "minecraft:forest": "2024-09-15 21:31:15 +0000",
      "minecraft:ocean": "2024-09-15 21:26:20 +0000",
      "minecraft:old_growth_spruce_taiga": "2024-09-15 21:23:57 +0000",
      "minecraft:old_growth_birch_forest": "2024-09-15 21:22:49 +0000",
      "minecraft:plains": "2024-09-15 21:31:28 +0000"
    },
    "done": false
  },
  "minecraft:recipes/building_blocks/birch_planks": {
    "criteria": {
      "has_logs": "2024-09-15 21:27:02 +0000"
    },
    "done": true
  },
  "minecraft:recipes/misc/charcoal": {
    "criteria": {
      "has_log": "2024-09-15 21:27:02 +0000"
    },
    "done": true
  },
  "minecraft:recipes/building_blocks/birch_wood": {
    "criteria": {
      "has_log": "2024-09-15 21:27:02 +0000"
    },
    "done": true
  },
  "minecraft:adventure/root": {
    "criteria": {
      "killed_something": "2024-09-15 21:28:22 +0000"
    },
    "done": true
  },
  "minecraft:recipes/food/cooked_beef_from_smoking": {
    "criteria": {
      "has_beef": "2024-09-15 21:30:51 +0000"
    },
    "done": true
  },
  "minecraft:recipes/food/cooked_beef": {
    "criteria": {
      "has_beef": "2024-09-15 21:30:51 +0000"
    },
    "done": true
  },
  "minecraft:recipes/food/cooked_beef_from_campfire_cooking": {
    "criteria": {
      "has_beef": "2024-09-15 21:30:51 +0000"
    },
    "done": true
  },
  "minecraft:recipes/food/cooked_mutton_from_smoking": {
    "criteria": {
      "has_mutton": "2024-09-15 21:31:45 +0000"
    },
    "done": true
  },
  "minecraft:recipes/food/cooked_mutton": {
    "criteria": {
      "has_mutton": "2024-09-15 21:31:45 +0000"
    },
    "done": true
  },
  "minecraft:recipes/decorations/white_banner": {
    "criteria": {
      "has_white_wool": "2024-09-15 21:31:45 +0000"
    },
    "done": true
  },
  "minecraft:recipes/decorations/painting": {
    "criteria": {
      "has_wool": "2024-09-15 21:31:45 +0000"
    },
    "done": true
  },
  "minecraft:recipes/food/cooked_mutton_from_campfire_cooking": {
    "criteria": {
      "has_mutton": "2024-09-15 21:31:45 +0000"
    },
    "done": true
  },
  "minecraft:recipes/decorations/white_bed": {
    "criteria": {
      "has_white_wool": "2024-09-15 21:31:45 +0000"
    },
    "done": true
  },
  "minecraft:recipes/decorations/white_carpet": {
    "criteria": {
      "has_white_wool": "2024-09-15 21:31:45 +0000"
    },
    "done": true
  },
  "minecraft:recipes/decorations/gray_bed": {
    "criteria": {
      "has_gray_wool": "2024-09-15 21:32:15 +0000"
    },
    "done": true
  },
  "minecraft:recipes/decorations/gray_banner": {
    "criteria": {
      "has_gray_wool": "2024-09-15 21:32:15 +0000"
    },
    "done": true
  },
  "minecraft:recipes/decorations/gray_carpet": {
    "criteria": {
      "has_gray_wool": "2024-09-15 21:32:15 +0000"
    },
    "done": true
  },
  "iceandfire:recipes/misc/dragon_meal": {
    "criteria": {
      "has_item": "2024-09-15 22:03:54 +0000"
    },
    "done": true
  },
  "iceandfire:iceandfire/root": {
    "criteria": {
      "tick": "2024-09-15 22:03:54 +0000"
    },
    "done": true
  },
  "dungeons_arise:wda_root": {
    "criteria": {
      "WDA": "2024-09-15 22:03:54 +0000"
    },
    "done": true
  },
  "travelersbackpack:recipes/decorations/white_sleeping_bag": {
    "criteria": {
      "has_white_wool": "2024-09-15 22:20:59 +0000"
    },
    "done": true
  },
  "travelersbackpack:recipes/misc/sheep": {
    "criteria": {
      "has_white_wool": "2024-09-15 22:20:59 +0000"
    },
    "done": true
  },
  "travelersbackpack:recipes/decorations/gray_sleeping_bag": {
    "criteria": {
      "has_gray_wool": "2024-09-15 22:20:59 +0000"
    },
    "done": true
  },
  "comforts:hammock_gray": {
    "criteria": {
      "has_gray_wool": "2024-09-15 22:30:26 +0000"
    },
    "done": true
  },
  "toolleveling:recipes/tool_leveling_table": {
    "criteria": {
      "has_enchanting_table": "2024-09-15 22:30:26 +0000"
    },
    "done": true
  },
  "comforts:sleeping_bag_white": {
    "criteria": {
      "has_white_wool": "2024-09-15 22:30:26 +0000"
    },
    "done": true
  },
  "comforts:sleeping_bag_gray": {
    "criteria": {
      "has_gray_wool": "2024-09-15 22:30:26 +0000"
    },
    "done": true
  },
  "comforts:hammock_white": {
    "criteria": {
      "has_white_wool": "2024-09-15 22:30:26 +0000"
    },
    "done": true
  },
  "tombstone:adventure/root": {
    "criteria": {
      "auto": "2024-09-15 22:30:28 +0000"
    },
    "done": true
  },
  "minecraft:recipes/combat/diamond_leggings": {
    "criteria": {
      "has_diamond": "2024-09-15 23:58:36 +0000"
    },
    "done": true
  },
  "sophisticatedbackpacks:recipes/misc/auto_smelting_upgrade": {
    "criteria": {
      "has_smelting_upgrade": "2024-09-16 00:00:11 +0000"
    },
    "done": true
  },
  "iceandfire:recipes/misc/dragon_bone_wall": {
    "criteria": {
      "has_item": "2024-09-16 00:07:22 +0000"
    },
    "done": true
  },
  "iceandfire:recipes/combat/armor_white_leggings": {
    "criteria": {
      "has_item": "2024-09-15 23:58:09 +0000"
    },
    "done": true
  },
  "travelersbackpack:recipes/misc/enderman_smithing": {
    "criteria": {
      "has_enderman": "2024-09-16 00:01:30 +0000"
    },
    "done": true
  },
  "minecraft:recipes/combat/diamond_sword": {
    "criteria": {
      "has_diamond": "2024-09-15 23:58:36 +0000"
    },
    "done": true
  },
  "minecraft:recipes/decorations/jukebox": {
    "criteria": {
      "has_diamond": "2024-09-15 23:58:36 +0000"
    },
    "done": true
  },
  "iceandfire:recipes/tools/dragonbone_shovel": {
    "criteria": {
      "has_item": "2024-09-16 00:07:22 +0000"
    },
    "done": true
  },
  "minecraft:recipes/combat/diamond_chestplate": {
    "criteria": {
      "has_diamond": "2024-09-15 23:58:37 +0000"
    },
    "done": true
  },
  "iceandfire:recipes/combat/armor_blue_boots": {
    "criteria": {
      "has_item": "2024-09-15 23:58:12 +0000"
    },
    "done": true
  },
  "iceandfire:recipes/combat/armor_red_chestplate": {
    "criteria": {
      "has_item": "2024-09-15 23:58:15 +0000"
    },
    "done": true
  },
  "iceandfire:recipes/combat/armor_blue_leggings": {
    "criteria": {
      "has_item": "2024-09-15 23:58:12 +0000"
    },
    "done": true
  },
  "travelersbackpack:recipes/misc/crafting_upgrade": {
    "criteria": {
      "has_crafting_table": "2024-09-15 23:58:01 +0000"
    },
    "done": true
  },
  "iceandfire:recipes/combat/armor_white_boots": {
    "criteria": {
      "has_item": "2024-09-15 23:58:09 +0000"
    },
    "done": true
  },
  "minecraft:recipes/decorations/chest": {
    "criteria": {
      "has_lots_of_items": "2024-09-15 23:58:15 +0000"
    },
    "done": true
  },
  "iceandfire:iceandfire/dragonbone_flaming_sword": {
    "criteria": {
      "sword": "2024-09-16 00:07:17 +0000"
    },
    "done": true
  },
  "minecraft:recipes/tools/diamond_pickaxe": {
    "criteria": {
      "has_diamond": "2024-09-15 23:58:37 +0000"
    },
    "done": true
  },
  "iceandfire:recipes/misc/dragon_flute": {
    "criteria": {
      "has_item": "2024-09-16 00:07:22 +0000"
    },
    "done": true
  },
  "iceandfire:recipes/combat/armor_blue_chestplate": {
    "criteria": {
      "has_item": "2024-09-15 23:58:12 +0000"
    },
    "done": true
  },
  "iceandfire:recipes/combat/armor_white_helmet": {
    "criteria": {
      "has_item": "2024-09-15 23:58:09 +0000"
    },
    "done": true
  },
  "iceandfire:recipes/tools/dragonbone_axe": {
    "criteria": {
      "has_item": "2024-09-16 00:07:22 +0000"
    },
    "done": true
  },
  "iceandfire:recipes/combat/armor_blue_helmet": {
    "criteria": {
      "has_item": "2024-09-15 23:58:12 +0000"
    },
    "done": true
  },
  "minecraft:recipes/tools/diamond_hoe": {
    "criteria": {
      "has_diamond": "2024-09-15 23:58:37 +0000"
    },
    "done": true
  },
  "minecraft:recipes/tools/diamond_shovel": {
    "criteria": {
      "has_diamond": "2024-09-15 23:58:37 +0000"
    },
    "done": true
  },
  "sophisticatedbackpacks:recipes/misc/netherite_backpack": {
    "criteria": {
      "has_diamond_backpack": "2024-09-15 23:57:53 +0000"
    },
    "done": true
  },
  "iceandfire:recipes/tools/dragonbone_pickaxe": {
    "criteria": {
      "has_item": "2024-09-16 00:07:22 +0000"
    },
    "done": true
  },
  "sophisticatedbackpacks:recipes/misc/blasting_upgrade_from_smelting_upgrade": {
    "criteria": {
      "has_smelting_upgrade": "2024-09-16 00:00:11 +0000"
    },
    "done": true
  },
  "iceandfire:recipes/combat/armor_red_helmet": {
    "criteria": {
      "has_item": "2024-09-15 23:58:15 +0000"
    },
    "done": true
  },
  "minecraft:recipes/combat/diamond_boots": {
    "criteria": {
      "has_diamond": "2024-09-15 23:58:37 +0000"
    },
    "done": true
  },
  "travelersbackpack:recipes/misc/diamond_tier_upgrade": {
    "criteria": {
      "has_diamond": "2024-09-15 23:58:37 +0000"
    },
    "done": true
  },
  "iceandfire:recipes/misc/nest": {
    "criteria": {
      "has_item": "2024-09-16 00:07:22 +0000"
    },
    "done": true
  },
  "iceandfire:recipes/building_blocks/dragonscales_white_to_dragonscale_white": {
    "criteria": {
      "has_dragonscales_white": "2024-09-15 23:58:09 +0000"
    },
    "done": true
  },
  "iceandfire:recipes/building_blocks/dragonscales_red_to_dragonscale_red": {
    "criteria": {
      "has_dragonscales_red": "2024-09-15 23:58:15 +0000"
    },
    "done": true
  },
  "iceandfire:recipes/combat/dragonbone_bow": {
    "criteria": {
      "has_item": "2024-09-16 00:07:22 +0000"
    },
    "done": true
  },
  "travelersbackpack:recipes/misc/skeleton": {
    "criteria": {
      "has_arrow": "2024-09-15 23:55:41 +0000"
    },
    "done": true
  },
  "iceandfire:recipes/combat/armor_red_boots": {
    "criteria": {
      "has_item": "2024-09-15 23:58:15 +0000"
    },
    "done": true
  },
  "sophisticatedbackpacks:recipes/misc/smoking_upgrade_from_smelting_upgrade": {
    "criteria": {
      "has_smelting_upgrade": "2024-09-16 00:00:11 +0000"
    },
    "done": true
  },
  "iceandfire:recipes/combat/armor_white_chestplate": {
    "criteria": {
      "has_item": "2024-09-15 23:58:09 +0000"
    },
    "done": true
  },
  "iceandfire:recipes/building_blocks/dragon_bone_block": {
    "criteria": {
      "has_dragonbone": "2024-09-16 00:07:22 +0000"
    },
    "done": true
  },
  "minecraft:recipes/combat/diamond_helmet": {
    "criteria": {
      "has_diamond": "2024-09-15 23:58:36 +0000"
    },
    "done": true
  },
  "travelersbackpack:recipes/misc/wolf": {
    "criteria": {
      "has_bone": "2024-09-16 00:07:22 +0000"
    },
    "done": true
  },
  "iceandfire:recipes/combat/armor_red_leggings": {
    "criteria": {
      "has_item": "2024-09-15 23:58:15 +0000"
    },
    "done": true
  },
  "iceandfire:recipes/tools/dragonbone_sword": {
    "criteria": {
      "has_item": "2024-09-16 00:07:22 +0000"
    },
    "done": true
  },
  "iceandfire:recipes/tools/dragonbone_hoe": {
    "criteria": {
      "has_item": "2024-09-16 00:07:22 +0000"
    },
    "done": true
  },
  "travelersbackpack:recipes/misc/diamond": {
    "criteria": {
      "has_diamond": "2024-09-15 23:58:37 +0000"
    },
    "done": true
  },
  "artifacts:amateur_archaeologist": {
    "criteria": {
      "find_artifact": "2024-09-16 00:06:30 +0000"
    },
    "done": true
  },
  "minecraft:recipes/building_blocks/diamond_block": {
    "criteria": {
      "has_diamond": "2024-09-15 23:58:37 +0000"
    },
    "done": true
  },
  "iceandfire:recipes/misc/dragon_horn": {
    "criteria": {
      "has_item": "2024-09-16 00:07:22 +0000"
    },
    "done": true
  },
  "minecraft:story/mine_diamond": {
    "criteria": {
      "diamond": "2024-09-15 23:58:36 +0000"
    },
    "done": true
  },
  "minecraft:recipes/tools/diamond_axe": {
    "criteria": {
      "has_diamond": "2024-09-15 23:58:37 +0000"
    },
    "done": true
  },
  "iceandfire:recipes/building_blocks/dragonscales_blue_to_dragonscale_blue": {
    "criteria": {
      "has_dragonscales_blue": "2024-09-15 23:58:12 +0000"
    },
    "done": true
  },
  "minecraft:story/root": {
    "criteria": {
      "crafting_table": "2024-09-15 23:58:01 +0000"
    },
    "done": true
  },
  "minecraft:recipes/misc/mojang_banner_pattern": {
    "criteria": {
      "has_enchanted_golden_apple": "2024-09-16 00:05:14 +0000"
    },
    "done": true
  },
  "DataVersion": 3465
}